embedding_model,reduction_method,reduction_params,cluster_method,cluster_params,level,FM,Rand,ARI,AMI,Dendrogram_Purity,LCA_F1
Qwen/Qwen3-Embedding-0.6B,UMAP,"{'n_components': 50, 'n_neighbors': 5, 'min_dist': 0.01}",Agglomerative,{},58,0.2306693219447137,0.9154248222001885,0.15920092953137827,0.4504058317792248,0.36337817244937526,0.35762506230584584
Qwen/Qwen3-Embedding-0.6B,UMAP,"{'n_components': 50, 'n_neighbors': 5, 'min_dist': 0.01}",Agglomerative,{},72,0.18679891880172594,0.9138065684942406,0.11592025225113718,0.4121573805591804,0.37563674217551035,0.45417573632918734
Qwen/Qwen3-Embedding-0.6B,UMAP,"{'n_components': 50, 'n_neighbors': 5, 'min_dist': 0.01}",HDBSCAN,{},58,0.24130036754022172,0.9078329844662333,0.18130086574040127,0.44220998326106997,0.28859236647157216,0.2660734758501829
Qwen/Qwen3-Embedding-0.6B,UMAP,"{'n_components': 50, 'n_neighbors': 5, 'min_dist': 0.01}",HDBSCAN,{},72,0.1908600425267228,0.9068675814737289,0.12969782766759758,0.4086175986632702,0.3169850234428593,0.42896915903733474
Qwen/Qwen3-Embedding-0.6B,UMAP,"{'n_components': 50, 'n_neighbors': 5, 'min_dist': 0.1}",Agglomerative,{},58,0.22976184343722192,0.9158059238041611,0.15717835808049993,0.4424987720777061,0.385357932389538,0.3709896567714684
Qwen/Qwen3-Embedding-0.6B,UMAP,"{'n_components': 50, 'n_neighbors': 5, 'min_dist': 0.1}",Agglomerative,{},72,0.19073197980978424,0.9139836542502622,0.11930429850975327,0.4118661687131662,0.4434297210365047,0.41658164882567905
Qwen/Qwen3-Embedding-0.6B,UMAP,"{'n_components': 50, 'n_neighbors': 5, 'min_dist': 0.1}",HDBSCAN,{},58,0.22196100388244763,0.8784432774737941,0.1559270788307307,0.4262095505333322,0.27802290675783436,0.26933781090862047
Qwen/Qwen3-Embedding-0.6B,UMAP,"{'n_components': 50, 'n_neighbors': 5, 'min_dist': 0.1}",HDBSCAN,{},72,0.199553792431142,0.9015321590181126,0.14040185989787277,0.40805680591719,0.3108018905781941,0.4386464029899997
Qwen/Qwen3-Embedding-0.6B,UMAP,"{'n_components': 50, 'n_neighbors': 5, 'min_dist': 0.5}",Agglomerative,{},58,0.22527383369180565,0.9161201082100058,0.15143117648661134,0.4396953076985846,0.36715598477635775,0.37268609973623346
Qwen/Qwen3-Embedding-0.6B,UMAP,"{'n_components': 50, 'n_neighbors': 5, 'min_dist': 0.5}",Agglomerative,{},72,0.18151782827713492,0.9142121519999673,0.10975810033629863,0.4087028852073736,0.4411867298869785,0.41016010259233815
Qwen/Qwen3-Embedding-0.6B,UMAP,"{'n_components': 50, 'n_neighbors': 5, 'min_dist': 0.5}",HDBSCAN,{},58,0.22707123921848174,0.8608815932821662,0.15042028278029876,0.3909090046917311,0.2588123670938247,0.25386290206422807
Qwen/Qwen3-Embedding-0.6B,UMAP,"{'n_components': 50, 'n_neighbors': 5, 'min_dist': 0.5}",HDBSCAN,{},72,0.2197906293856697,0.8861061127228363,0.1574987283670126,0.3893593780218325,0.26637765450539697,0.4363026455564731
Qwen/Qwen3-Embedding-0.6B,UMAP,"{'n_components': 50, 'n_neighbors': 15, 'min_dist': 0.01}",Agglomerative,{},58,0.24613016856991435,0.9177081675704569,0.16891870627225847,0.46234706342806664,0.42896048596482683,0.39362889171350024
Qwen/Qwen3-Embedding-0.6B,UMAP,"{'n_components': 50, 'n_neighbors': 15, 'min_dist': 0.01}",Agglomerative,{},72,0.2054770749467286,0.9160923620546844,0.12737132003603766,0.4292883146007376,0.457598964635686,0.41170783949097345
Qwen/Qwen3-Embedding-0.6B,UMAP,"{'n_components': 50, 'n_neighbors': 15, 'min_dist': 0.01}",HDBSCAN,{},58,0.28707006470502205,0.9000004080316959,0.23053229954121704,0.461507394164685,0.3777004109866307,0.3521501166246594
Qwen/Qwen3-Embedding-0.6B,UMAP,"{'n_components': 50, 'n_neighbors': 15, 'min_dist': 0.01}",HDBSCAN,{},72,0.2441273574108078,0.9041345851745763,0.18506785896695116,0.4328476526922196,0.38709599106425774,0.4497824893512897
Qwen/Qwen3-Embedding-0.6B,UMAP,"{'n_components': 50, 'n_neighbors': 15, 'min_dist': 0.1}",Agglomerative,{},58,0.2468382362654691,0.9172144492184153,0.17151589766084807,0.46454949163687403,0.41897273199576845,0.40795857448268835
Qwen/Qwen3-Embedding-0.6B,UMAP,"{'n_components': 50, 'n_neighbors': 15, 'min_dist': 0.1}",Agglomerative,{},72,0.19597936826904394,0.915514589173287,0.11984251543048544,0.4272626568502185,0.46153091184376177,0.41279373207098186
Qwen/Qwen3-Embedding-0.6B,UMAP,"{'n_components': 50, 'n_neighbors': 15, 'min_dist': 0.1}",HDBSCAN,{},58,0.29209116380067107,0.8961771510410929,0.2347604928550198,0.45727916021577697,0.3450948824916495,0.3385265878815194
Qwen/Qwen3-Embedding-0.6B,UMAP,"{'n_components': 50, 'n_neighbors': 15, 'min_dist': 0.1}",HDBSCAN,{},72,0.32356288542382955,0.9033780944103738,0.2684513966579185,0.4479474452855558,0.3830720723781221,0.4409969175350743
Qwen/Qwen3-Embedding-0.6B,UMAP,"{'n_components': 50, 'n_neighbors': 15, 'min_dist': 0.5}",Agglomerative,{},58,0.25020740190314755,0.9179717560460097,0.17254386487127635,0.4611919592480278,0.4540667422657439,0.4148890730026114
Qwen/Qwen3-Embedding-0.6B,UMAP,"{'n_components': 50, 'n_neighbors': 15, 'min_dist': 0.5}",Agglomerative,{},72,0.19658322139654383,0.915635366555274,0.12001513197473125,0.4284609353949712,0.47001459901287457,0.4552031855183459
Qwen/Qwen3-Embedding-0.6B,UMAP,"{'n_components': 50, 'n_neighbors': 15, 'min_dist': 0.5}",HDBSCAN,{},58,0.2886869874597839,0.8762668364078522,0.22071988210046162,0.45445155652627645,0.29761312792658384,0.26451592518946987
Qwen/Qwen3-Embedding-0.6B,UMAP,"{'n_components': 50, 'n_neighbors': 15, 'min_dist': 0.5}",HDBSCAN,{},72,0.2910117444635038,0.8838758114730352,0.2277564080316594,0.42651069292154764,0.29409977049507824,0.39291418215483703
Qwen/Qwen3-Embedding-0.6B,UMAP,"{'n_components': 50, 'n_neighbors': 30, 'min_dist': 0.01}",Agglomerative,{},58,0.26370565084947867,0.9193207088326621,0.1825127837987681,0.47635817560232563,0.4608185561384715,0.433537989646347
Qwen/Qwen3-Embedding-0.6B,UMAP,"{'n_components': 50, 'n_neighbors': 30, 'min_dist': 0.01}",Agglomerative,{},72,0.22206308002708508,0.9168929202420444,0.14168100016937613,0.4382367227704765,0.47984179029339663,0.44442650348212726
Qwen/Qwen3-Embedding-0.6B,UMAP,"{'n_components': 50, 'n_neighbors': 30, 'min_dist': 0.01}",HDBSCAN,{},58,0.2893445164583889,0.8862187294709053,0.22744985065204507,0.47276534258603065,0.39730523932942025,0.37632994518872775
Qwen/Qwen3-Embedding-0.6B,UMAP,"{'n_components': 50, 'n_neighbors': 30, 'min_dist': 0.01}",HDBSCAN,{},72,0.28969409002179186,0.9004720926721588,0.2328631632537905,0.45926552788296127,0.44958887825571053,0.4361362082358207
Qwen/Qwen3-Embedding-0.6B,UMAP,"{'n_components': 50, 'n_neighbors': 30, 'min_dist': 0.1}",Agglomerative,{},58,0.25876455273373294,0.9186050212380498,0.1798797350637175,0.4743853829920146,0.45892286418039985,0.4314430948263349
Qwen/Qwen3-Embedding-0.6B,UMAP,"{'n_components': 50, 'n_neighbors': 30, 'min_dist': 0.1}",Agglomerative,{},72,0.22324885810743741,0.9166627903655556,0.14394944918396024,0.4399482088774816,0.4587469700007157,0.43929871885788047
Qwen/Qwen3-Embedding-0.6B,UMAP,"{'n_components': 50, 'n_neighbors': 30, 'min_dist': 0.1}",HDBSCAN,{},58,0.30911379423803137,0.8958515417477629,0.2520056458676039,0.48760960193038166,0.3684687055803368,0.3181253382204502
Qwen/Qwen3-Embedding-0.6B,UMAP,"{'n_components': 50, 'n_neighbors': 30, 'min_dist': 0.1}",HDBSCAN,{},72,0.25103923358181207,0.9007111992459574,0.19280770487902893,0.4448343938581761,0.37229951380631726,0.4167040190477033
Qwen/Qwen3-Embedding-0.6B,UMAP,"{'n_components': 50, 'n_neighbors': 30, 'min_dist': 0.5}",Agglomerative,{},58,0.26518610201454007,0.9192195169720784,0.18477727959747742,0.47306781928166863,0.44679889887950025,0.41977445213824827
Qwen/Qwen3-Embedding-0.6B,UMAP,"{'n_components': 50, 'n_neighbors': 30, 'min_dist': 0.5}",Agglomerative,{},72,0.2183442952993855,0.9165795518995915,0.13898924980993768,0.43643472737461175,0.47215369854931954,0.43855741318864283
Qwen/Qwen3-Embedding-0.6B,UMAP,"{'n_components': 50, 'n_neighbors': 30, 'min_dist': 0.5}",HDBSCAN,{},58,0.34912602988526764,0.8294704972682277,0.24279148469610326,0.45199329962290724,0.40306292712567293,0.3952909400486074
Qwen/Qwen3-Embedding-0.6B,UMAP,"{'n_components': 50, 'n_neighbors': 30, 'min_dist': 0.5}",HDBSCAN,{},72,0.3312294035364612,0.8429396235499573,0.23704957320754627,0.43290428677204734,0.4025014681613714,0.4232154593621004
Qwen/Qwen3-Embedding-0.6B,UMAP,"{'n_components': 100, 'n_neighbors': 5, 'min_dist': 0.01}",Agglomerative,{},58,0.22807727085877538,0.9152534488879096,0.15687988741110565,0.44502331563513897,0.3481922409582877,0.33646354155534847
Qwen/Qwen3-Embedding-0.6B,UMAP,"{'n_components': 100, 'n_neighbors': 5, 'min_dist': 0.01}",Agglomerative,{},72,0.1888906872577049,0.9140562838921328,0.1173108377690598,0.40890111339391183,0.3828245671571308,0.41976269426858764
Qwen/Qwen3-Embedding-0.6B,UMAP,"{'n_components': 100, 'n_neighbors': 5, 'min_dist': 0.01}",HDBSCAN,{},58,0.24309252157646732,0.9072446027607425,0.18352804265010644,0.438943847229029,0.30074212548915014,0.2706711280507094
Qwen/Qwen3-Embedding-0.6B,UMAP,"{'n_components': 100, 'n_neighbors': 5, 'min_dist': 0.01}",HDBSCAN,{},72,0.20258385749772018,0.9047702985567919,0.14248307154998957,0.4115621818055743,0.3112855407635326,0.4431989017974854
Qwen/Qwen3-Embedding-0.6B,UMAP,"{'n_components': 100, 'n_neighbors': 5, 'min_dist': 0.1}",Agglomerative,{},58,0.23571115523830552,0.9160654319627549,0.1628622545509888,0.4461571610103581,0.3627203769895601,0.36329505886514823
Qwen/Qwen3-Embedding-0.6B,UMAP,"{'n_components': 100, 'n_neighbors': 5, 'min_dist': 0.1}",Agglomerative,{},72,0.18668630004292652,0.9140016076448818,0.11530843361641155,0.40903421988992067,0.39575564980440514,0.4022096379680023
Qwen/Qwen3-Embedding-0.6B,UMAP,"{'n_components': 100, 'n_neighbors': 5, 'min_dist': 0.1}",HDBSCAN,{},58,0.2243555233493376,0.8864056079876285,0.1623591529829804,0.42258827991320946,0.2905664727241338,0.2628332635808039
Qwen/Qwen3-Embedding-0.6B,UMAP,"{'n_components': 100, 'n_neighbors': 5, 'min_dist': 0.1}",HDBSCAN,{},72,0.21144328048553335,0.9001505636957879,0.15245578803997334,0.4109842650703918,0.2854836051864599,0.4329244886060655
Qwen/Qwen3-Embedding-0.6B,UMAP,"{'n_components': 100, 'n_neighbors': 5, 'min_dist': 0.5}",Agglomerative,{},58,0.2351269593943572,0.9166301478298834,0.16047739530969524,0.4486964978417978,0.3808685405828514,0.3563621941170112
Qwen/Qwen3-Embedding-0.6B,UMAP,"{'n_components': 100, 'n_neighbors': 5, 'min_dist': 0.5}",Agglomerative,{},72,0.1840355958149968,0.9140334341171622,0.11266003956864462,0.4084268220043098,0.3941894141858543,0.4195669385058386
Qwen/Qwen3-Embedding-0.6B,UMAP,"{'n_components': 100, 'n_neighbors': 5, 'min_dist': 0.5}",HDBSCAN,{},58,0.2536928295741951,0.875975501776978,0.1860543576537981,0.4252359623771515,0.2888932060725269,0.26874691407726403
Qwen/Qwen3-Embedding-0.6B,UMAP,"{'n_components': 100, 'n_neighbors': 5, 'min_dist': 0.5}",HDBSCAN,{},72,0.28299266424118064,0.8838798917899943,0.21977109581170465,0.4138159830503635,0.31467870997648223,0.43800835867861193
Qwen/Qwen3-Embedding-0.6B,UMAP,"{'n_components': 100, 'n_neighbors': 15, 'min_dist': 0.01}",Agglomerative,{},58,0.23899693210774298,0.9171328428792349,0.16303345159130816,0.4568468350218691,0.43216511877374475,0.40029881029588116
Qwen/Qwen3-Embedding-0.6B,UMAP,"{'n_components': 100, 'n_neighbors': 15, 'min_dist': 0.01}",Agglomerative,{},72,0.19489647109791747,0.9152420240004243,0.11969928274914178,0.4231327496957758,0.4699271332803465,0.4035252548839607
Qwen/Qwen3-Embedding-0.6B,UMAP,"{'n_components': 100, 'n_neighbors': 15, 'min_dist': 0.01}",HDBSCAN,{},58,0.30020872648730434,0.901809620571326,0.24439418618220243,0.4774232007843432,0.37535866558693326,0.35898512277942235
Qwen/Qwen3-Embedding-0.6B,UMAP,"{'n_components': 100, 'n_neighbors': 15, 'min_dist': 0.01}",HDBSCAN,{},72,0.2846672224025355,0.9098249952056275,0.22482570454031353,0.4543695669693803,0.39671390160178366,0.45138736710664223
Qwen/Qwen3-Embedding-0.6B,UMAP,"{'n_components': 100, 'n_neighbors': 15, 'min_dist': 0.1}",Agglomerative,{},58,0.24230984088950522,0.9171720139220415,0.1665863702073766,0.4609169069197567,0.4538276809286488,0.40544345504307444
Qwen/Qwen3-Embedding-0.6B,UMAP,"{'n_components': 100, 'n_neighbors': 15, 'min_dist': 0.1}",Agglomerative,{},72,0.1967009052096479,0.915556208406269,0.12041953522820449,0.4252153699845411,0.4707136490941518,0.41353151618455625
Qwen/Qwen3-Embedding-0.6B,UMAP,"{'n_components': 100, 'n_neighbors': 15, 'min_dist': 0.1}",HDBSCAN,{},58,0.2989110498520357,0.9054851700880124,0.2429778091224701,0.46608153580179945,0.35047163557686983,0.33299365041983003
Qwen/Qwen3-Embedding-0.6B,UMAP,"{'n_components': 100, 'n_neighbors': 15, 'min_dist': 0.1}",HDBSCAN,{},72,0.25798155001875234,0.9018618486284015,0.19990448946501221,0.42950377091545483,0.3794981914796415,0.46199758674067665
Qwen/Qwen3-Embedding-0.6B,UMAP,"{'n_components': 100, 'n_neighbors': 15, 'min_dist': 0.5}",Agglomerative,{},58,0.2360795877294718,0.916702777471754,0.16128364226420625,0.4609453715229649,0.4527810147543249,0.4193632339175945
Qwen/Qwen3-Embedding-0.6B,UMAP,"{'n_components': 100, 'n_neighbors': 15, 'min_dist': 0.5}",Agglomerative,{},72,0.20504379652292432,0.9161046030055615,0.12687445409773968,0.4283605510923526,0.46465668036606383,0.43571247489711795
Qwen/Qwen3-Embedding-0.6B,UMAP,"{'n_components': 100, 'n_neighbors': 15, 'min_dist': 0.5}",HDBSCAN,{},58,0.326589762547612,0.850479233226837,0.23817549847201308,0.4628292873333426,0.368025076315576,0.35083457387629075
Qwen/Qwen3-Embedding-0.6B,UMAP,"{'n_components': 100, 'n_neighbors': 15, 'min_dist': 0.5}",HDBSCAN,{},72,0.2821853627558452,0.8718527495215829,0.21153207335352284,0.43178609190282885,0.3861802452986409,0.43998637218719555
Qwen/Qwen3-Embedding-0.6B,UMAP,"{'n_components': 100, 'n_neighbors': 30, 'min_dist': 0.01}",Agglomerative,{},58,0.2733080755039826,0.9198274841989725,0.19174162155751265,0.48281984411244777,0.4586689242134743,0.4264129173527597
Qwen/Qwen3-Embedding-0.6B,UMAP,"{'n_components': 100, 'n_neighbors': 30, 'min_dist': 0.01}",Agglomerative,{},72,0.22193329060404685,0.9165738394558489,0.1428859325033687,0.43704162290873805,0.47178104987063213,0.4384213733960573
Qwen/Qwen3-Embedding-0.6B,UMAP,"{'n_components': 100, 'n_neighbors': 30, 'min_dist': 0.01}",HDBSCAN,{},58,0.26744329473481054,0.8798485386344811,0.2020005237120118,0.4636454555281857,0.3750677203567626,0.347544273472994
Qwen/Qwen3-Embedding-0.6B,UMAP,"{'n_components': 100, 'n_neighbors': 30, 'min_dist': 0.01}",HDBSCAN,{},72,0.2889346067627677,0.8881568800264404,0.22799423985897482,0.4371713345215181,0.39915444295737784,0.44663861318497866
Qwen/Qwen3-Embedding-0.6B,UMAP,"{'n_components': 100, 'n_neighbors': 30, 'min_dist': 0.1}",Agglomerative,{},58,0.25973602658673445,0.9187755784869369,0.18028584580019974,0.4758202936280415,0.4557272878941063,0.42636275123685174
Qwen/Qwen3-Embedding-0.6B,UMAP,"{'n_components': 100, 'n_neighbors': 30, 'min_dist': 0.1}",Agglomerative,{},72,0.21419784986658433,0.9164530620738619,0.13507726573867498,0.4339969837587674,0.49342556520791914,0.4483142146320553
Qwen/Qwen3-Embedding-0.6B,UMAP,"{'n_components': 100, 'n_neighbors': 30, 'min_dist': 0.1}",HDBSCAN,{},58,0.31673081212668636,0.8830075200241555,0.2526184570758315,0.47398397310070045,0.37855215132115544,0.34877984378239385
Qwen/Qwen3-Embedding-0.6B,UMAP,"{'n_components': 100, 'n_neighbors': 30, 'min_dist': 0.1}",HDBSCAN,{},72,0.25806294821682163,0.8819197075228804,0.19380768836761458,0.42905112562425457,0.40767387405594874,0.4326035185508314
Qwen/Qwen3-Embedding-0.6B,UMAP,"{'n_components': 100, 'n_neighbors': 30, 'min_dist': 0.5}",Agglomerative,{},58,0.25145806842365065,0.9180092949620327,0.17383189541603888,0.4625244974293898,0.4617286554085972,0.42196098222919537
Qwen/Qwen3-Embedding-0.6B,UMAP,"{'n_components': 100, 'n_neighbors': 30, 'min_dist': 0.5}",Agglomerative,{},72,0.21391185591821327,0.9164514299470783,0.13477994959497194,0.4324117449620086,0.48418701984413565,0.44889747220644377
Qwen/Qwen3-Embedding-0.6B,UMAP,"{'n_components': 100, 'n_neighbors': 30, 'min_dist': 0.5}",HDBSCAN,{},58,0.3400680193342766,0.8170059450218093,0.22598243637070886,0.42999670680942587,0.40175608202026786,0.387557691527459
Qwen/Qwen3-Embedding-0.6B,UMAP,"{'n_components': 100, 'n_neighbors': 30, 'min_dist': 0.5}",HDBSCAN,{},72,0.344075022788068,0.8231574308692299,0.23409253366684218,0.4036997670661149,0.4044402460587478,0.4301316983709644
Qwen/Qwen3-Embedding-0.6B,UMAP,"{'n_components': 300, 'n_neighbors': 5, 'min_dist': 0.01}",Agglomerative,{},58,0.2354542657807177,0.914722191619845,0.16606217051654465,0.4440738941099721,0.34868455426353134,0.342515664884498
Qwen/Qwen3-Embedding-0.6B,UMAP,"{'n_components': 300, 'n_neighbors': 5, 'min_dist': 0.01}",Agglomerative,{},72,0.19662886743030916,0.914288861958797,0.12432082618737422,0.41434127302326756,0.39432670299502587,0.41322559667452047
Qwen/Qwen3-Embedding-0.6B,UMAP,"{'n_components': 300, 'n_neighbors': 5, 'min_dist': 0.01}",HDBSCAN,{},58,0.22057725976747167,0.8989289167982569,0.1622019653964189,0.4228346779867054,0.2749924652125201,0.27058291671313023
Qwen/Qwen3-Embedding-0.6B,UMAP,"{'n_components': 300, 'n_neighbors': 5, 'min_dist': 0.01}",HDBSCAN,{},72,0.2061136062164699,0.9074249527703312,0.1444232298858907,0.41620596389582465,0.3055320843387408,0.429138023372495
Qwen/Qwen3-Embedding-0.6B,UMAP,"{'n_components': 300, 'n_neighbors': 5, 'min_dist': 0.1}",Agglomerative,{},58,0.2325162800912289,0.9159152762986629,0.15983313178929456,0.44902981137474507,0.36903218684105077,0.3557972660119133
Qwen/Qwen3-Embedding-0.6B,UMAP,"{'n_components': 300, 'n_neighbors': 5, 'min_dist': 0.1}",Agglomerative,{},72,0.18921941756370753,0.9142864137686215,0.1170080848272746,0.41427787797499693,0.38789806428595686,0.4371542652063445
Qwen/Qwen3-Embedding-0.6B,UMAP,"{'n_components': 300, 'n_neighbors': 5, 'min_dist': 0.1}",HDBSCAN,{},58,0.25003887836875643,0.9041215281603074,0.19197522876875528,0.4447196951570439,0.2999700361312733,0.2802746767306911
Qwen/Qwen3-Embedding-0.6B,UMAP,"{'n_components': 300, 'n_neighbors': 5, 'min_dist': 0.1}",HDBSCAN,{},72,0.1991650019718256,0.9046079019418228,0.1391478800798599,0.41333631153026607,0.32447296802464826,0.4376317891637976
Qwen/Qwen3-Embedding-0.6B,UMAP,"{'n_components': 300, 'n_neighbors': 5, 'min_dist': 0.5}",Agglomerative,{},58,0.22914266590782853,0.9162612871767879,0.15515010067570584,0.44439464800432527,0.3711805161382442,0.3474452324534204
Qwen/Qwen3-Embedding-0.6B,UMAP,"{'n_components': 300, 'n_neighbors': 5, 'min_dist': 0.5}",Agglomerative,{},72,0.1885751369810453,0.9145589789414842,0.11559955626867108,0.4091095358529476,0.3846385631721915,0.4094184926726663
Qwen/Qwen3-Embedding-0.6B,UMAP,"{'n_components': 300, 'n_neighbors': 5, 'min_dist': 0.5}",HDBSCAN,{},58,0.2807541401540735,0.8704866594037025,0.20913657669045818,0.4368865583252257,0.29368327483902823,0.2939115050705313
Qwen/Qwen3-Embedding-0.6B,UMAP,"{'n_components': 300, 'n_neighbors': 5, 'min_dist': 0.5}",HDBSCAN,{},72,0.2774754451125246,0.886578613426691,0.2156926669229913,0.4172030988475983,0.34223726708070024,0.43845956195525093
Qwen/Qwen3-Embedding-0.6B,UMAP,"{'n_components': 300, 'n_neighbors': 15, 'min_dist': 0.01}",Agglomerative,{},58,0.24827057378620204,0.9169500446794707,0.1740110370298319,0.46179787065406736,0.42973404254085584,0.40160977440229634
Qwen/Qwen3-Embedding-0.6B,UMAP,"{'n_components': 300, 'n_neighbors': 15, 'min_dist': 0.01}",Agglomerative,{},72,0.20495062659799523,0.9155668172303625,0.12877514720915878,0.4234250613516999,0.4793891673836306,0.41716525533147686
Qwen/Qwen3-Embedding-0.6B,UMAP,"{'n_components': 300, 'n_neighbors': 15, 'min_dist': 0.01}",HDBSCAN,{},58,0.3129419778786881,0.9098184666984931,0.25663618462157844,0.4791548612100618,0.3844031935985884,0.3483162199578583
Qwen/Qwen3-Embedding-0.6B,UMAP,"{'n_components': 300, 'n_neighbors': 15, 'min_dist': 0.01}",HDBSCAN,{},72,0.28414527123215116,0.9091925460769793,0.2247545111311586,0.4454201655897258,0.38464329802598546,0.46550677280143166
Qwen/Qwen3-Embedding-0.6B,UMAP,"{'n_components': 300, 'n_neighbors': 15, 'min_dist': 0.1}",Agglomerative,{},58,0.24804608170223205,0.9173082965084728,0.17255108616612774,0.4654496829753447,0.43991590844401923,0.40373944105431375
Qwen/Qwen3-Embedding-0.6B,UMAP,"{'n_components': 300, 'n_neighbors': 15, 'min_dist': 0.1}",Agglomerative,{},72,0.198036921311423,0.9151383839496652,0.12319059924248352,0.4251111705213075,0.4789137238437306,0.4245059004422241
Qwen/Qwen3-Embedding-0.6B,UMAP,"{'n_components': 300, 'n_neighbors': 15, 'min_dist': 0.1}",HDBSCAN,{},58,0.29208869388714054,0.9015639854903928,0.23592378254296664,0.46565150510087455,0.3621593765213924,0.3416381279209628
Qwen/Qwen3-Embedding-0.6B,UMAP,"{'n_components': 300, 'n_neighbors': 15, 'min_dist': 0.1}",HDBSCAN,{},72,0.31047737481795196,0.9077317926056496,0.25397386250554543,0.45748479215449095,0.38265636044711065,0.4384200574286581
Qwen/Qwen3-Embedding-0.6B,UMAP,"{'n_components': 300, 'n_neighbors': 15, 'min_dist': 0.5}",Agglomerative,{},58,0.2456925098798637,0.9174225453833253,0.16948904194028952,0.4630662441362107,0.44357655023018927,0.4142243926691561
Qwen/Qwen3-Embedding-0.6B,UMAP,"{'n_components': 300, 'n_neighbors': 15, 'min_dist': 0.5}",Agglomerative,{},72,0.20393173010989046,0.9157675688247463,0.12700884083184436,0.42852125591882734,0.46431300070743814,0.45379230566452655
Qwen/Qwen3-Embedding-0.6B,UMAP,"{'n_components': 300, 'n_neighbors': 15, 'min_dist': 0.5}",HDBSCAN,{},58,0.3110695020576987,0.8918332456065187,0.2521773258399145,0.46402944552771674,0.35203556324973634,0.3378354940552148
Qwen/Qwen3-Embedding-0.6B,UMAP,"{'n_components': 300, 'n_neighbors': 15, 'min_dist': 0.5}",HDBSCAN,{},72,0.30044028379878346,0.896856115783074,0.24324060513301518,0.44161821138950325,0.41627999451477016,0.3949148999157432
Qwen/Qwen3-Embedding-0.6B,UMAP,"{'n_components': 300, 'n_neighbors': 30, 'min_dist': 0.01}",Agglomerative,{},58,0.2812895551935721,0.9200388446174499,0.20060511884456877,0.48311780865196907,0.45601085889114545,0.4182548471797345
Qwen/Qwen3-Embedding-0.6B,UMAP,"{'n_components': 300, 'n_neighbors': 30, 'min_dist': 0.01}",Agglomerative,{},72,0.2160187998998397,0.9159952505110597,0.13879022900233132,0.4376572471264772,0.45969998088818476,0.44448401683611427
Qwen/Qwen3-Embedding-0.6B,UMAP,"{'n_components': 300, 'n_neighbors': 30, 'min_dist': 0.01}",HDBSCAN,{},58,0.29011270628532976,0.8746763288572257,0.2210640853626344,0.4652366242317224,0.37908322436544606,0.370489988378504
Qwen/Qwen3-Embedding-0.6B,UMAP,"{'n_components': 300, 'n_neighbors': 30, 'min_dist': 0.01}",HDBSCAN,{},72,0.2867011025478294,0.8960522933421469,0.22892251119037701,0.44248371415905974,0.44219117231210464,0.413056645330956
Qwen/Qwen3-Embedding-0.6B,UMAP,"{'n_components': 300, 'n_neighbors': 30, 'min_dist': 0.1}",Agglomerative,{},58,0.2768279469871789,0.920092704801309,0.1947642217921019,0.48496185509805234,0.4589769965858601,0.42146597217858606
Qwen/Qwen3-Embedding-0.6B,UMAP,"{'n_components': 300, 'n_neighbors': 30, 'min_dist': 0.1}",Agglomerative,{},72,0.22146902386283213,0.9167705107332738,0.14156320639458045,0.44171435416913907,0.479855428048691,0.4347110500906864
Qwen/Qwen3-Embedding-0.6B,UMAP,"{'n_components': 300, 'n_neighbors': 30, 'min_dist': 0.1}",HDBSCAN,{},58,0.31699397961198705,0.8782702720347316,0.24967994484660716,0.4693578422946841,0.3769952140126654,0.36082424531288393
Qwen/Qwen3-Embedding-0.6B,UMAP,"{'n_components': 300, 'n_neighbors': 30, 'min_dist': 0.1}",HDBSCAN,{},72,0.2600766351561648,0.8754662782204922,0.1920783416603388,0.4236500473834241,0.3988139379913732,0.4335698285599187
Qwen/Qwen3-Embedding-0.6B,UMAP,"{'n_components': 300, 'n_neighbors': 30, 'min_dist': 0.5}",Agglomerative,{},58,0.2544390043087418,0.918679283006704,0.1744732960435161,0.4712519837558443,0.4563414809613438,0.42848560793007723
Qwen/Qwen3-Embedding-0.6B,UMAP,"{'n_components': 300, 'n_neighbors': 30, 'min_dist': 0.5}",Agglomerative,{},72,0.20732483088518977,0.9159054835379612,0.1300030229626031,0.4293725947335218,0.47971126956594673,0.4384395467569069
Qwen/Qwen3-Embedding-0.6B,UMAP,"{'n_components': 300, 'n_neighbors': 30, 'min_dist': 0.5}",HDBSCAN,{},58,0.3102928088741679,0.8391457448414593,0.21492717548193266,0.4491147679723667,0.324796211878767,0.33551419737210436
Qwen/Qwen3-Embedding-0.6B,UMAP,"{'n_components': 300, 'n_neighbors': 30, 'min_dist': 0.5}",HDBSCAN,{},72,0.3080026852477132,0.8508244280415703,0.22142647369301535,0.4237659275203505,0.3860587836848647,0.4224296233056246
Qwen/Qwen3-Embedding-0.6B,PHATE,"{'n_components': 50, 'decay': 10}",Agglomerative,{},58,0.20905314759348523,0.9060555983988836,0.14926875662873532,0.4071108320632059,0.3776371346831453,0.367167671175215
Qwen/Qwen3-Embedding-0.6B,PHATE,"{'n_components': 50, 'decay': 10}",Agglomerative,{},72,0.1755037521635587,0.9097613422610669,0.11222550922845714,0.3607571397696222,0.4731008562783618,0.4070584723620454
Qwen/Qwen3-Embedding-0.6B,PHATE,"{'n_components': 50, 'decay': 10}",HDBSCAN,{},58,0.317949611455364,0.5937954700321121,0.10655960937102633,0.3049762708235184,0.30252119523103005,0.31689168779217863
Qwen/Qwen3-Embedding-0.6B,PHATE,"{'n_components': 50, 'decay': 10}",HDBSCAN,{},72,0.3258831316173899,0.6197634232227159,0.1202950203360368,0.29293774653175597,0.3835631000308283,0.40935716338472805
Qwen/Qwen3-Embedding-0.6B,PHATE,"{'n_components': 50, 'decay': 20}",Agglomerative,{},58,0.22811004543821842,0.9137274103452356,0.16037137941884724,0.4435398977000595,0.4218383726741621,0.3994009528907909
Qwen/Qwen3-Embedding-0.6B,PHATE,"{'n_components': 50, 'decay': 20}",Agglomerative,{},72,0.1932222875782222,0.91320023339413,0.12364294459959844,0.3996799604898832,0.4893372231286551,0.39747287132379905
Qwen/Qwen3-Embedding-0.6B,PHATE,"{'n_components': 50, 'decay': 20}",HDBSCAN,{},58,0.2971477364745168,0.6467849142521391,0.10781673428890128,0.3342341094028437,0.28532327110459726,0.28088608959878675
Qwen/Qwen3-Embedding-0.6B,PHATE,"{'n_components': 50, 'decay': 20}",HDBSCAN,{},72,0.28187738556381003,0.6646534382790855,0.10187175428425886,0.32697447025300347,0.31975174642465676,0.44149896947889306
Qwen/Qwen3-Embedding-0.6B,PHATE,"{'n_components': 50, 'decay': 40}",Agglomerative,{},58,0.23305631492068743,0.9161551989358533,0.15971102958897995,0.4575592513097957,0.38116616667596737,0.35842392657721966
Qwen/Qwen3-Embedding-0.6B,PHATE,"{'n_components': 50, 'decay': 40}",Agglomerative,{},72,0.18612557332137863,0.9135193141803255,0.11597304102212821,0.4152299936385631,0.44096094007163383,0.4181220350192781
Qwen/Qwen3-Embedding-0.6B,PHATE,"{'n_components': 50, 'decay': 40}",HDBSCAN,{},58,0.23520800111303194,0.7799134156741295,0.11094624067142675,0.3545839627912614,0.30781685994703184,0.2886379440434732
Qwen/Qwen3-Embedding-0.6B,PHATE,"{'n_components': 50, 'decay': 40}",HDBSCAN,{},72,0.21873488836007987,0.7991667992769679,0.10574347718901592,0.33746900224888887,0.29965162528731004,0.46002978809034356
Qwen/Qwen3-Embedding-0.6B,PHATE,"{'n_components': 100, 'decay': 10}",Agglomerative,{},58,0.22969495162441014,0.908726573880259,0.16859388855911253,0.416929189807883,0.3768978583444069,0.3602163860228805
Qwen/Qwen3-Embedding-0.6B,PHATE,"{'n_components': 100, 'decay': 10}",Agglomerative,{},72,0.18856689049938696,0.909185201506453,0.12543616035521768,0.3682744335886152,0.4555912569541704,0.40523608796225324
Qwen/Qwen3-Embedding-0.6B,PHATE,"{'n_components': 100, 'decay': 10}",HDBSCAN,{},58,0.2491272669158106,0.25896955675516875,-0.0033724777628137198,0.06867687712911405,0.3105249615018745,0.30154529704682526
Qwen/Qwen3-Embedding-0.6B,PHATE,"{'n_components': 100, 'decay': 10}",HDBSCAN,{},72,0.24800655238392139,0.29806388960294433,-0.00012874767380579186,0.07063522942157896,0.38165643543017935,0.4035300743092204
Qwen/Qwen3-Embedding-0.6B,PHATE,"{'n_components': 100, 'decay': 20}",Agglomerative,{},58,0.2238624377673624,0.9140587320823081,0.155230496285432,0.43779952041562675,0.4338712943537496,0.39684550991832385
Qwen/Qwen3-Embedding-0.6B,PHATE,"{'n_components': 100, 'decay': 20}",Agglomerative,{},72,0.19531643424822742,0.9131496374638381,0.12582313222700509,0.40395975810061746,0.4744247842934059,0.40072710979357834
Qwen/Qwen3-Embedding-0.6B,PHATE,"{'n_components': 100, 'decay': 20}",HDBSCAN,{},58,0.29768691198349057,0.6539018030920641,0.11067143350464088,0.33863983180883295,0.29098998332364484,0.2780145095430236
Qwen/Qwen3-Embedding-0.6B,PHATE,"{'n_components': 100, 'decay': 20}",HDBSCAN,{},72,0.2809997501347282,0.6684660864455951,0.10252619199956381,0.3259625896809325,0.3274446847441568,0.43365202642937706
Qwen/Qwen3-Embedding-0.6B,PHATE,"{'n_components': 100, 'decay': 40}",Agglomerative,{},58,0.23033288199763333,0.9152371276200735,0.15932981537594587,0.4541165261169992,0.4113114083726621,0.37960084521574605
Qwen/Qwen3-Embedding-0.6B,PHATE,"{'n_components': 100, 'decay': 40}",Agglomerative,{},72,0.19237957888772234,0.9140505714483901,0.12074916866406638,0.4146555494833549,0.47596395387393486,0.402639589089967
Qwen/Qwen3-Embedding-0.6B,PHATE,"{'n_components': 100, 'decay': 40}",HDBSCAN,{},58,0.2509447012687245,0.8211319615307717,0.14823713858529372,0.3801035178960835,0.2666325741512826,0.2544528188108597
Qwen/Qwen3-Embedding-0.6B,PHATE,"{'n_components': 100, 'decay': 40}",HDBSCAN,{},72,0.24786253471968356,0.828665042700517,0.15006180069357256,0.35973699493404293,0.27929205263881013,0.4387782917279453
Qwen/Qwen3-Embedding-0.6B,PHATE,"{'n_components': 300, 'decay': 10}",Agglomerative,{},58,0.22769602790504548,0.9089958747995545,0.16630301646851658,0.4164071801821568,0.3630575918868563,0.36459040841300516
Qwen/Qwen3-Embedding-0.6B,PHATE,"{'n_components': 300, 'decay': 10}",Agglomerative,{},72,0.19583212528523722,0.9103758379950955,0.13113356450091587,0.37492395804036355,0.4719105640196805,0.4035377256605549
Qwen/Qwen3-Embedding-0.6B,PHATE,"{'n_components': 300, 'decay': 10}",HDBSCAN,{},58,0.24880804056325903,0.2567286466812742,-0.0038390762490521147,0.06605465437553393,0.29725031231710086,0.30492652160529715
Qwen/Qwen3-Embedding-0.6B,PHATE,"{'n_components': 300, 'decay': 10}",HDBSCAN,{},72,0.3227151074560399,0.6040697081349279,0.1129447637274747,0.29100662687337947,0.3857173428911953,0.4220159777398999
Qwen/Qwen3-Embedding-0.6B,PHATE,"{'n_components': 300, 'decay': 20}",Agglomerative,{},58,0.22376692702532286,0.9133520211850057,0.1565388478111001,0.4406595142962073,0.40728529354163345,0.3849542646955944
Qwen/Qwen3-Embedding-0.6B,PHATE,"{'n_components': 300, 'decay': 20}",Agglomerative,{},72,0.1897143885590323,0.9124127322210389,0.12184084312787054,0.4003541909020308,0.4767658852237035,0.40863981718149806
Qwen/Qwen3-Embedding-0.6B,PHATE,"{'n_components': 300, 'decay': 20}",HDBSCAN,{},58,0.2982479037861051,0.6541507024265645,0.11119107156105038,0.34031924956438986,0.30927055139735055,0.304693112773263
Qwen/Qwen3-Embedding-0.6B,PHATE,"{'n_components': 300, 'decay': 20}",HDBSCAN,{},72,0.2805320131024035,0.6662251763717005,0.10136055679196906,0.32539461343678167,0.32856360271763735,0.43517552860577846
Qwen/Qwen3-Embedding-0.6B,PHATE,"{'n_components': 300, 'decay': 40}",Agglomerative,{},58,0.24482553214865274,0.9167647982895312,0.17075689142508627,0.4618459133524541,0.4047003187264913,0.3714544983269262
Qwen/Qwen3-Embedding-0.6B,PHATE,"{'n_components': 300, 'decay': 40}",Agglomerative,{},72,0.1903596108606716,0.9136711019712012,0.11972931598127395,0.41375891068416976,0.46921265087176495,0.39127914068824576
Qwen/Qwen3-Embedding-0.6B,PHATE,"{'n_components': 300, 'decay': 40}",HDBSCAN,{},58,0.2849672427671761,0.8476124025314287,0.1973552729070748,0.4268807020309904,0.2952773301301312,0.2815731902950822
Qwen/Qwen3-Embedding-0.6B,PHATE,"{'n_components': 300, 'decay': 40}",HDBSCAN,{},72,0.2926351085756162,0.861574431101808,0.21459175987658421,0.4109313921502318,0.292814923780816,0.4376575674865088
Qwen/Qwen3-Embedding-0.6B,PCA,{'n_components': 50},Agglomerative,{},58,0.24845525739863247,0.9178942300237882,0.17084347284516269,0.4603248000086533,0.4433137782527625,0.42154419548703653
Qwen/Qwen3-Embedding-0.6B,PCA,{'n_components': 50},Agglomerative,{},72,0.20899950630159952,0.9156957552462676,0.13250584800263487,0.4246507365455638,0.4606513212882078,0.4417207590506147
Qwen/Qwen3-Embedding-0.6B,PCA,{'n_components': 50},HDBSCAN,{},58,0.26162744462117726,0.28115260793458435,0.007224593002667687,0.09064812973266641,0.33852371020233635,0.32162210094606636
Qwen/Qwen3-Embedding-0.6B,PCA,{'n_components': 50},HDBSCAN,{},72,0.2798717698059206,0.3330575039069035,0.025206066960002,0.12287435409306444,0.4619430881685477,0.4277550199124812
Qwen/Qwen3-Embedding-0.6B,PCA,{'n_components': 100},Agglomerative,{},58,0.2545626891379884,0.91768694992227,0.1786157651346955,0.47024359503342306,0.44631350267522246,0.41044807406416794
Qwen/Qwen3-Embedding-0.6B,PCA,{'n_components': 100},Agglomerative,{},72,0.2019625312288559,0.9156206774142215,0.1255234563320747,0.43390632331399426,0.45190047520000226,0.4447138242075832
Qwen/Qwen3-Embedding-0.6B,PCA,{'n_components': 100},HDBSCAN,{},58,0.2489888859859717,0.39045940288641623,0.014385863715846003,0.11914148578055477,0.29887220517600105,0.28340829612269614
Qwen/Qwen3-Embedding-0.6B,PCA,{'n_components': 100},HDBSCAN,{},72,0.29259959654607787,0.4268648068581967,0.04916457391812451,0.17091366553945178,0.4535576013208672,0.4159370139437362
Qwen/Qwen3-Embedding-0.6B,PCA,{'n_components': 300},Agglomerative,{},58,0.25267222702040076,0.9173743976432089,0.17756212143219838,0.46106708191318424,0.4589288296270212,0.41119770281677015
Qwen/Qwen3-Embedding-0.6B,PCA,{'n_components': 300},Agglomerative,{},72,0.1944752224748332,0.9147009739716582,0.12099525461442222,0.4176830528949364,0.4618056189043314,0.4458078291050663
Qwen/Qwen3-Embedding-0.6B,PCA,{'n_components': 300},HDBSCAN,{},58,0.2861970753648697,0.21118170059450217,0.013673861039207619,0.06722191932319972,0.25078112428835625,0.2618993095325331
Qwen/Qwen3-Embedding-0.6B,PCA,{'n_components': 300},HDBSCAN,{},72,0.2969205768170826,0.24549471802969655,0.023661180783259166,0.08479240512806768,0.3314753745628742,0.4457545177921789
Qwen/Qwen3-Embedding-0.6B,PaCMAP,{'n_components': 50},Agglomerative,{},58,0.24757742851714407,0.9177244888382929,0.1705003746076125,0.4812342559940514,0.39607150372158106,0.40008198685005925
Qwen/Qwen3-Embedding-0.6B,PaCMAP,{'n_components': 50},Agglomerative,{},72,0.2090022022133007,0.9163583987204126,0.1299779608935408,0.4333424101902959,0.45118097198441653,0.40373618127636357
Qwen/Qwen3-Embedding-0.6B,PaCMAP,{'n_components': 50},HDBSCAN,{},58,0.27405673086730153,0.8747701761472831,0.2053963250388045,0.47005242379672446,0.3253771989273488,0.3100329162629971
Qwen/Qwen3-Embedding-0.6B,PaCMAP,{'n_components': 50},HDBSCAN,{},72,0.2546702109622905,0.8780344297145002,0.1882416648392454,0.43082188957434353,0.3447430523990084,0.421785345516922
Qwen/Qwen3-Embedding-0.6B,PaCMAP,{'n_components': 100},Agglomerative,{},58,0.24856496857921992,0.9177946702899882,0.1713560753068402,0.48115037087781604,0.4088530700510536,0.38967625420849583
Qwen/Qwen3-Embedding-0.6B,PaCMAP,{'n_components': 100},Agglomerative,{},72,0.20851415502343418,0.9162506783526945,0.12990460696533895,0.43306387954179293,0.4580546646047628,0.40249096171947063
Qwen/Qwen3-Embedding-0.6B,PaCMAP,{'n_components': 100},HDBSCAN,{},58,0.2716340381435632,0.8746200204831911,0.2029190445495314,0.46618371086555854,0.31636422809377224,0.31615946608078016
Qwen/Qwen3-Embedding-0.6B,PaCMAP,{'n_components': 100},HDBSCAN,{},72,0.2585957406183891,0.8759306182904288,0.19089316275327325,0.42921198272956024,0.34308964238104955,0.4260429151692568
Qwen/Qwen3-Embedding-0.6B,PaCMAP,{'n_components': 300},Agglomerative,{},58,0.24856496857921992,0.9177946702899882,0.1713560753068402,0.48115037087781604,0.43468579369739285,0.3998806380594234
Qwen/Qwen3-Embedding-0.6B,PaCMAP,{'n_components': 300},Agglomerative,{},72,0.20851415502343418,0.9162506783526945,0.12990460696533895,0.43306387954179293,0.46231795082563715,0.39140006088800533
Qwen/Qwen3-Embedding-0.6B,PaCMAP,{'n_components': 300},HDBSCAN,{},58,0.2716340381435632,0.8746200204831911,0.2029190445495314,0.46618371086555854,0.33067724928902237,0.3156941979961231
Qwen/Qwen3-Embedding-0.6B,PaCMAP,{'n_components': 300},HDBSCAN,{},72,0.2585957406183891,0.8759306182904288,0.19089316275327325,0.42921198272956024,0.3488894470045283,0.4190491743294056
Qwen/Qwen3-Embedding-0.6B,tSNE,{'n_components': 2},Agglomerative,{},58,0.2267854548763889,0.9091272610056349,0.16524848333844547,0.407096284602987,0.4330924593186396,0.416375065739821
Qwen/Qwen3-Embedding-0.6B,tSNE,{'n_components': 2},Agglomerative,{},72,0.19713416322250218,0.9104084805307676,0.13237738460741572,0.3682721728409091,0.506557549603197,0.41604708255528633
Qwen/Qwen3-Embedding-0.6B,tSNE,{'n_components': 2},HDBSCAN,{},58,0.422663150052007,0.7982674974191996,0.28159574128096554,0.4842781822231786,0.3664676146569924,0.3642288121597801
Qwen/Qwen3-Embedding-0.6B,tSNE,{'n_components': 2},HDBSCAN,{},72,0.4402481955113259,0.8038469228289653,0.3001062245332408,0.4520457403367401,0.4460342971879238,0.43145541610139404
