embedding_model,reduction_method,cluster_method,level,FM,Rand,ARI,AMI,Dendrogram_Purity,LCA_F1,TED
Qwen/Qwen3-Embedding-0.6B,PCA,Agglomerative,5,0.4990571357875627,0.7644755560873785,0.34509508539098604,0.4425629397044626,0.5745648109594501,0.5034697413060463,563
Qwen/Qwen3-Embedding-0.6B,PCA,Agglomerative,26,0.4355209420950616,0.94917102096712,0.408863597794104,0.6030861637509675,0.45129597486047407,0.40904800547527576,563
Qwen/Qwen3-Embedding-0.6B,PCA,Agglomerative,113,0.48269844189084193,0.9912182734367729,0.47814346879721603,0.5751812680991362,0.518251896025012,0.4743931226932134,563
Qwen/Qwen3-Embedding-0.6B,PCA,DC,5,0.4239612330199292,0.7393070346881523,0.25550334123390117,0.37592463616960403,0.5166177614297359,0.4434271629224021,595
Qwen/Qwen3-Embedding-0.6B,PCA,DC,26,0.4302063969335802,0.9489449962107614,0.4034608693485067,0.5758756219219253,0.4314641370500609,0.39540062076099675,595
Qwen/Qwen3-Embedding-0.6B,PCA,DC,113,0.3202045191042994,0.9870634065919456,0.3112454718404923,0.431369766609573,0.3819510672220747,0.3694364469171493,595
Qwen/Qwen3-Embedding-0.6B,PCA,HDBSCAN,5,0.4787438380150123,0.24037068060042813,0.0023305729965828067,0.0029466192255032365,0.42080370518549765,0.40139760457185275,631
Qwen/Qwen3-Embedding-0.6B,PCA,HDBSCAN,26,0.20193669275915524,0.12590908486564822,0.0004559279198130259,0.0017183190980657804,0.3464556869199686,0.30492762447759797,631
Qwen/Qwen3-Embedding-0.6B,PCA,HDBSCAN,113,0.10882045051258474,0.7078297634717402,0.01969917093723404,0.2419574100673521,0.35005306180701357,0.34335611399617555,631
Qwen/Qwen3-Embedding-0.6B,PHATE,Agglomerative,5,0.4991801613766689,0.7423583688989935,0.3258615347758094,0.48960127830463024,0.613691505356089,0.5195956091566909,571
Qwen/Qwen3-Embedding-0.6B,PHATE,Agglomerative,26,0.40319124464291584,0.9447768337920306,0.37394832130866607,0.5984979807072299,0.4732448661027795,0.40521244138732276,571
Qwen/Qwen3-Embedding-0.6B,PHATE,Agglomerative,113,0.38703781141822496,0.9886123409516971,0.37923550481269075,0.49650206449876993,0.42298877439760213,0.42833037643973093,571
Qwen/Qwen3-Embedding-0.6B,PHATE,DC,5,0.46722845315813716,0.7644024304309095,0.31594826719626234,0.41690324322169914,0.5743995048899924,0.4801844436047489,599
Qwen/Qwen3-Embedding-0.6B,PHATE,DC,26,0.3646815104481134,0.9376769973275897,0.3306076632484456,0.5522582394138918,0.43757652501276806,0.37858875462537506,599
Qwen/Qwen3-Embedding-0.6B,PHATE,DC,113,0.28905928722290636,0.9867443128182628,0.28073774905397836,0.39485778433368324,0.3427720625977064,0.3660172160709638,599
Qwen/Qwen3-Embedding-0.6B,PHATE,HDBSCAN,5,0.48423674648754655,0.3250435430045338,0.0426938798903009,0.14852302782821367,0.5166089261620535,0.4503050479603676,607
Qwen/Qwen3-Embedding-0.6B,PHATE,HDBSCAN,26,0.2735879740347198,0.7355377394865249,0.12028655432662246,0.4904012065575457,0.4185467917269827,0.3581240847345104,607
Qwen/Qwen3-Embedding-0.6B,PHATE,HDBSCAN,113,0.22872620922124715,0.9510855836092165,0.14773557514783064,0.44924002458845264,0.3766046932299803,0.410208940825695,607
Qwen/Qwen3-Embedding-0.6B,PaCMAP,Agglomerative,5,0.44073239707119677,0.7174491111908845,0.25210358832266394,0.40918953786678885,0.530830152915072,0.4630589192616634,571
Qwen/Qwen3-Embedding-0.6B,PaCMAP,Agglomerative,26,0.4574116418179211,0.9533524789597543,0.432837201488237,0.6186318821876943,0.4769042473515167,0.4311289927775307,571
Qwen/Qwen3-Embedding-0.6B,PaCMAP,Agglomerative,113,0.3731022991865532,0.9880539268477524,0.36420285751519427,0.47706810748877887,0.4189783841360726,0.42499876133142267,571
Qwen/Qwen3-Embedding-0.6B,PaCMAP,DC,5,0.38263664983152995,0.6855796205443208,0.17265403873573917,0.32833022306170323,0.4911404266145051,0.4341487809222215,587
Qwen/Qwen3-Embedding-0.6B,PaCMAP,DC,26,0.38711812826808806,0.9469506601252443,0.35929558966711533,0.5548008644002502,0.4193894622428322,0.3469525768581411,587
Qwen/Qwen3-Embedding-0.6B,PaCMAP,DC,113,0.2635791228159164,0.9872428968396421,0.256917251247589,0.36125096160135567,0.31730444472806973,0.3137359822132504,587
Qwen/Qwen3-Embedding-0.6B,PaCMAP,HDBSCAN,5,0.4853574180922959,0.6003284006754152,0.1989018477726601,0.349290905919022,0.5240464894169552,0.4660560929223997,613
Qwen/Qwen3-Embedding-0.6B,PaCMAP,HDBSCAN,26,0.3498326946336238,0.8735657399651656,0.2508109928732214,0.5371792681191895,0.4585338628586807,0.40108960052781256,613
Qwen/Qwen3-Embedding-0.6B,PaCMAP,HDBSCAN,113,0.3211280209014601,0.9759217156608565,0.2685111000579552,0.5049186542659004,0.393024185309544,0.3941016387466445,613
Qwen/Qwen3-Embedding-0.6B,Raw,Agglomerative,5,0.4958715878102381,0.7633055455838751,0.34121223807475765,0.4382036856501067,0.5586739813296786,0.5059354370897616,561
Qwen/Qwen3-Embedding-0.6B,Raw,Agglomerative,26,0.4287884681820678,0.948499594484996,0.40177152842237057,0.595333666366571,0.45073914762138007,0.4022902029322395,561
Qwen/Qwen3-Embedding-0.6B,Raw,Agglomerative,113,0.4750784430591327,0.9909058274500419,0.4700758472519043,0.5716077561276238,0.4924183299695133,0.45617656511385074,561
Qwen/Qwen3-Embedding-0.6B,Raw,DC,5,0.4229645379513855,0.7455094199141106,0.2597542123987887,0.3585900821570568,0.5030139432204206,0.4436276620889427,599
Qwen/Qwen3-Embedding-0.6B,Raw,DC,26,0.4134976312736031,0.9453352478959755,0.3844223356310322,0.576765660422977,0.4446630819993592,0.39133579222333076,599
Qwen/Qwen3-Embedding-0.6B,Raw,DC,113,0.31742676587035124,0.9874822171699041,0.3097586151301211,0.422779847754529,0.3566130930393124,0.38376668899544825,599
Qwen/Qwen3-Embedding-0.6B,Raw,HDBSCAN,5,0.4787438380150123,0.24037068060042813,0.0023305729965828067,0.0029466192255032365,0.3922532104091824,0.39125536861601456,637
Qwen/Qwen3-Embedding-0.6B,Raw,HDBSCAN,26,0.20193669275915524,0.12590908486564822,0.0004559279198130259,0.0017183190980657804,0.3317647820047321,0.31703514171171315,637
Qwen/Qwen3-Embedding-0.6B,Raw,HDBSCAN,113,0.10463569641146596,0.6837913658543071,0.017012561125062158,0.22606649319658628,0.39015350808855637,0.35127133396181115,637
Qwen/Qwen3-Embedding-0.6B,TriMAP,Agglomerative,5,0.4243429496293582,0.6752689029821972,0.2019939422554551,0.41619820958496406,0.5632984506490342,0.4993257984492593,583
Qwen/Qwen3-Embedding-0.6B,TriMAP,Agglomerative,26,0.43129955491701355,0.9483267520242511,0.40412498022470833,0.6125249902832097,0.4748356421793911,0.44356223031592296,583
Qwen/Qwen3-Embedding-0.6B,TriMAP,Agglomerative,113,0.3991962036966122,0.9883198383258214,0.3894028671819224,0.5080784628685775,0.45767190869073016,0.44730602935344704,583
Qwen/Qwen3-Embedding-0.6B,TriMAP,DC,5,0.3952290565891753,0.6999388403600442,0.19611209572834418,0.3220665279001727,0.4480434806263607,0.41806749716146463,581
Qwen/Qwen3-Embedding-0.6B,TriMAP,DC,26,0.37256202756755613,0.9456543416696581,0.3440712322709726,0.5342589207423483,0.376083181417614,0.31539234699653845,581
Qwen/Qwen3-Embedding-0.6B,TriMAP,DC,113,0.22607398816459492,0.9866512438009387,0.21918360271184764,0.328502775048404,0.2703785956246211,0.2845204237115813,581
Qwen/Qwen3-Embedding-0.6B,TriMAP,HDBSCAN,5,0.5587178831267916,0.6473681411458125,0.29648898646692573,0.41769695579259497,0.6021134345742213,0.5206284898564074,605
Qwen/Qwen3-Embedding-0.6B,TriMAP,HDBSCAN,26,0.2987944763588144,0.8168534694800101,0.17270123282734084,0.5301367131134656,0.4787445892288712,0.4196509427176085,605
Qwen/Qwen3-Embedding-0.6B,TriMAP,HDBSCAN,113,0.29489107510718154,0.969652852565381,0.22916907611657833,0.5011303464546563,0.440754307766137,0.4127390734377981,605
Qwen/Qwen3-Embedding-0.6B,UMAP,Agglomerative,5,0.5120978879777771,0.7478294975602622,0.3420935489593669,0.5013236310241466,0.683889039913126,0.5422305080858648,569
Qwen/Qwen3-Embedding-0.6B,UMAP,Agglomerative,26,0.45936471412043084,0.9523353675561406,0.4344270491407724,0.6340631181876578,0.5074157806439874,0.4618134181080139,569
Qwen/Qwen3-Embedding-0.6B,UMAP,Agglomerative,113,0.4881966852297452,0.991118556632497,0.48325914151986193,0.5798895941343287,0.5372706769335704,0.4889145801896365,569
Qwen/Qwen3-Embedding-0.6B,UMAP,DC,5,0.48857069993435037,0.7519444776833792,0.3248271012255199,0.39307724988140097,0.5842772450822984,0.4982409575004764,581
Qwen/Qwen3-Embedding-0.6B,UMAP,DC,26,0.382243403712665,0.9439591559969686,0.3528101154719722,0.5630812131442161,0.37697637759193103,0.34306930145146425,581
Qwen/Qwen3-Embedding-0.6B,UMAP,DC,113,0.3064268415288618,0.9882600082432558,0.30044531738136093,0.42064159740754575,0.34974761885503025,0.3688562875387149,581
Qwen/Qwen3-Embedding-0.6B,UMAP,HDBSCAN,5,0.4819376376509409,0.35272492787151155,0.05328959638540944,0.18129478092427695,0.5413819126222987,0.46052850832493664,607
Qwen/Qwen3-Embedding-0.6B,UMAP,HDBSCAN,26,0.41780573952409583,0.9273995187002247,0.36661719468742116,0.6202513868855402,0.44606723978298146,0.39832491917695734,607
Qwen/Qwen3-Embedding-0.6B,UMAP,HDBSCAN,113,0.3731649874682679,0.9807147700530493,0.32895982482071795,0.5564954394920895,0.5138303523205734,0.4778548749478539,607
Qwen/Qwen3-Embedding-0.6B,tSNE,Agglomerative,5,0.40029263734459547,0.6988751944477684,0.19981583272590875,0.3370078659266156,0.4906723543194765,0.4060792196119235,577
Qwen/Qwen3-Embedding-0.6B,tSNE,Agglomerative,26,0.15754649437352655,0.9042519245343226,0.10557905305103801,0.2920482167033796,0.19266866781253073,0.2041950760872514,577
Qwen/Qwen3-Embedding-0.6B,tSNE,Agglomerative,113,0.056697908569748275,0.9805884621009666,0.046191344043507464,0.09033665794503463,0.11166472456321398,0.13955125478847302,577
Qwen/Qwen3-Embedding-0.6B,tSNE,DC,5,0.4237244757968684,0.7356640474386077,0.2522239804576922,0.31058608598414683,0.4563764822636641,0.4030674442721169,575
Qwen/Qwen3-Embedding-0.6B,tSNE,DC,26,0.16259403293017852,0.9272599151742384,0.12455497918384253,0.28294545401568955,0.17906767085958109,0.20346337780722037,575
Qwen/Qwen3-Embedding-0.6B,tSNE,DC,113,0.05932391772573636,0.9837528086899872,0.051095253969755325,0.0875065503116289,0.0912759783710155,0.135064462993148,575
Qwen/Qwen3-Embedding-0.6B,tSNE,HDBSCAN,5,0.4591429968909687,0.28580165662850837,0.0035336746699698852,0.01992750523866898,0.49555086580549446,0.425731506420548,613
Qwen/Qwen3-Embedding-0.6B,tSNE,HDBSCAN,26,0.23791885913308927,0.7521106723571723,0.10140223982609049,0.3464597824939511,0.1803068970435613,0.19468077962547498,613
Qwen/Qwen3-Embedding-0.6B,tSNE,HDBSCAN,113,0.07922318607545857,0.8591200989190698,0.02133361210499673,0.16390081496927064,0.09715045069336972,0.11692461644190177,613
sentence-transformers/all-MiniLM-L6-v2,PCA,Agglomerative,5,0.4483143955053003,0.744631912036483,0.2821796178635673,0.38038596308663813,0.5476691024472313,0.4921541493091361,569
sentence-transformers/all-MiniLM-L6-v2,PCA,Agglomerative,26,0.39426417010446063,0.9433342640235066,0.36410188371585456,0.5719005238813357,0.433511841405264,0.39785178910722424,569
sentence-transformers/all-MiniLM-L6-v2,PCA,Agglomerative,113,0.4298696827298986,0.9903873000678074,0.42496485736198514,0.5104962482857273,0.4839986203967105,0.419722923201326,569
sentence-transformers/all-MiniLM-L6-v2,PCA,DC,5,0.34836826773817253,0.6624519697392738,0.12232110981575664,0.24910604610712395,0.4485231632113324,0.40714171563336715,595
sentence-transformers/all-MiniLM-L6-v2,PCA,DC,26,0.3624167984869181,0.9416191349899619,0.3316780274053339,0.5211970845219996,0.41431216763803935,0.3733760518299711,595
sentence-transformers/all-MiniLM-L6-v2,PCA,DC,113,0.33144699025641755,0.9867775517530214,0.3208472383278435,0.43649099703527394,0.37528177649776545,0.3864335944120993,595
sentence-transformers/all-MiniLM-L6-v2,PCA,HDBSCAN,5,0.4741066281244252,0.23872867722335234,-0.0023848415075029485,-0.0004269475505020525,0.4120730396257486,0.3927818233711398,627
sentence-transformers/all-MiniLM-L6-v2,PCA,HDBSCAN,26,0.2025103924848329,0.13276295321287543,0.0010754014624183184,0.007261657050213793,0.3225222539741997,0.2801735071540146,627
sentence-transformers/all-MiniLM-L6-v2,PCA,HDBSCAN,113,0.08973720158790076,0.5941991411059259,0.008971057277352954,0.1528861650008344,0.3860159019071315,0.3541252040752912,627
sentence-transformers/all-MiniLM-L6-v2,PHATE,Agglomerative,5,0.5528479485384202,0.6826545942855623,0.32003753420601905,0.462685438848839,0.6412374684498959,0.5133116961072599,571
sentence-transformers/all-MiniLM-L6-v2,PHATE,Agglomerative,26,0.3508133157002598,0.936872615106431,0.3165870654908737,0.5502364493292734,0.4356612379834759,0.4009584121405445,571
sentence-transformers/all-MiniLM-L6-v2,PHATE,Agglomerative,113,0.36761052017572526,0.9880672224216558,0.3591126577482813,0.4669239152348418,0.4379532306479906,0.3890912761579839,571
sentence-transformers/all-MiniLM-L6-v2,PHATE,DC,5,0.515935317884345,0.7740749604456676,0.36858220002797665,0.4342071875963678,0.570265638905397,0.45569644845379037,597
sentence-transformers/all-MiniLM-L6-v2,PHATE,DC,26,0.3410976133813904,0.9341603180301278,0.30482371014507165,0.5101078644831842,0.39180443066737236,0.3510552419634432,597
sentence-transformers/all-MiniLM-L6-v2,PHATE,DC,113,0.3031124062806287,0.9870235198702352,0.2948871996698928,0.39499180570202885,0.32337380087147133,0.34283647678907586,597
sentence-transformers/all-MiniLM-L6-v2,PHATE,HDBSCAN,5,0.476347877788348,0.29726908912023187,0.02362450983169077,0.08498100429189327,0.5514906036800167,0.4714452877103332,605
sentence-transformers/all-MiniLM-L6-v2,PHATE,HDBSCAN,26,0.25011023502989105,0.6762527754510523,0.08807646089957863,0.4183098523054064,0.37248601230451345,0.3360427870617833,605
sentence-transformers/all-MiniLM-L6-v2,PHATE,HDBSCAN,113,0.224847849099747,0.9467578743036443,0.139838986665327,0.4567081920769097,0.41176202131111345,0.3716966037737953,605
sentence-transformers/all-MiniLM-L6-v2,PaCMAP,Agglomerative,5,0.44489040371608046,0.7198822012152154,0.25792510809315605,0.40456398840198265,0.5877301786768692,0.5029961183651311,569
sentence-transformers/all-MiniLM-L6-v2,PaCMAP,Agglomerative,26,0.43919802294836274,0.9501216545012166,0.41309619427270705,0.5923735023646528,0.47430736747456265,0.43790314409313735,569
sentence-transformers/all-MiniLM-L6-v2,PaCMAP,Agglomerative,113,0.37934391375671966,0.9881669392259317,0.3704366858925321,0.4821515533131222,0.40203731661789593,0.3980129380374661,569
sentence-transformers/all-MiniLM-L6-v2,PaCMAP,DC,5,0.4590015967259484,0.7283581295786633,0.27787972631182434,0.41153299444002045,0.5025797709678945,0.4434633585188388,597
sentence-transformers/all-MiniLM-L6-v2,PaCMAP,DC,26,0.3655605586305841,0.9422839136851342,0.335230940633782,0.5269419662900465,0.41019926174439675,0.35306410064855787,597
sentence-transformers/all-MiniLM-L6-v2,PaCMAP,DC,113,0.2566349345438768,0.9860064084666215,0.2479020097192158,0.3597250349136901,0.3006425477635232,0.3131990485235609,597
sentence-transformers/all-MiniLM-L6-v2,PaCMAP,HDBSCAN,5,0.5880730009299477,0.7487601877335035,0.40756189054624203,0.4757884384078301,0.6147428659794566,0.5354862945605408,611
sentence-transformers/all-MiniLM-L6-v2,PaCMAP,HDBSCAN,26,0.3950663627347231,0.9042452767473708,0.3181136975200398,0.5594968544811506,0.45799340374237646,0.3974029789931128,611
sentence-transformers/all-MiniLM-L6-v2,PaCMAP,HDBSCAN,113,0.3043656824141076,0.9742065866273117,0.2497821216844592,0.4875577022092066,0.37424113524472374,0.3796190811544069,611
sentence-transformers/all-MiniLM-L6-v2,Raw,Agglomerative,5,0.4483143955053003,0.744631912036483,0.2821796178635673,0.38038596308663813,0.5440032235926388,0.47792715077607706,569
sentence-transformers/all-MiniLM-L6-v2,Raw,Agglomerative,26,0.39426417010446063,0.9433342640235066,0.36410188371585456,0.5719005238813357,0.4323866393364501,0.3860475099853265,569
sentence-transformers/all-MiniLM-L6-v2,Raw,Agglomerative,113,0.4298696827298986,0.9903873000678074,0.42496485736198514,0.5104962482857273,0.47317384907944554,0.4412677853179994,569
sentence-transformers/all-MiniLM-L6-v2,Raw,DC,5,0.423546660009234,0.7420060361905522,0.25738097268820337,0.3254975526807758,0.4663982042239927,0.41431445975931,599
sentence-transformers/all-MiniLM-L6-v2,Raw,DC,26,0.36154467879290647,0.943227899432279,0.3318365125198084,0.5216218886023695,0.4117423081978978,0.36987158502982137,599
sentence-transformers/all-MiniLM-L6-v2,Raw,DC,113,0.34625864107987814,0.9871165888875594,0.3358080691621247,0.4419312101186512,0.3709873837014557,0.373268907134751,599
sentence-transformers/all-MiniLM-L6-v2,Raw,HDBSCAN,5,0.4741066281244252,0.23872867722335234,-0.0023848415075029485,-0.0004269475505020525,0.41669421911177723,0.3814244180513667,625
sentence-transformers/all-MiniLM-L6-v2,Raw,HDBSCAN,26,0.2025103924848329,0.13276295321287543,0.0010754014624183184,0.007261657050213793,0.32911586858143765,0.2929663025815203,625
sentence-transformers/all-MiniLM-L6-v2,Raw,HDBSCAN,113,0.08770682758240413,0.5952627870182017,0.008434087219006169,0.14928031866504138,0.3646694628100335,0.36799033447971236,625
sentence-transformers/all-MiniLM-L6-v2,TriMAP,Agglomerative,5,0.5119869514763602,0.754836265007379,0.34822457082450287,0.4715963519527762,0.5943172375255026,0.5271757492214826,577
sentence-transformers/all-MiniLM-L6-v2,TriMAP,Agglomerative,26,0.4112110838149152,0.9462194035605547,0.3828849633138193,0.5735866789353925,0.4640115087914943,0.41442363337768234,577
sentence-transformers/all-MiniLM-L6-v2,TriMAP,Agglomerative,113,0.3751202921014869,0.9880339834868972,0.3660091420609379,0.4774207975813835,0.4440426115109475,0.4253344516944897,577
sentence-transformers/all-MiniLM-L6-v2,TriMAP,DC,5,0.44290646090427804,0.7492521239679311,0.28112706558128986,0.3957116209703375,0.5339106814180682,0.4401925687327574,581
sentence-transformers/all-MiniLM-L6-v2,TriMAP,DC,26,0.31541089504613506,0.9370919920758379,0.2822920549901432,0.4984670457115274,0.34602548762081603,0.2995368658422104,581
sentence-transformers/all-MiniLM-L6-v2,TriMAP,DC,113,0.2229621811749021,0.9866445960139869,0.21609682805022626,0.31924085532208807,0.25611792391928656,0.2704948947135229,581
sentence-transformers/all-MiniLM-L6-v2,TriMAP,HDBSCAN,5,0.45726871522322077,0.3449869038597051,0.027853180596517802,0.14159531876792783,0.597612128025239,0.4931864936921069,609
sentence-transformers/all-MiniLM-L6-v2,TriMAP,HDBSCAN,26,0.3317936840494498,0.839309693802933,0.21076852413443534,0.5510264016859654,0.4267507830498631,0.38190253566045285,609
sentence-transformers/all-MiniLM-L6-v2,TriMAP,HDBSCAN,113,0.2773526816020228,0.9689481871484983,0.21440116706219686,0.4799416952230587,0.4082825609878431,0.3964110940257466,609
sentence-transformers/all-MiniLM-L6-v2,UMAP,Agglomerative,5,0.594379425617589,0.8037839203329211,0.464779681691384,0.519108723258324,0.658393751791756,0.5311657990239317,565
sentence-transformers/all-MiniLM-L6-v2,UMAP,Agglomerative,26,0.43086699359256564,0.9498756863840028,0.4046420945733179,0.6004272565670036,0.47621615668106093,0.42824561544208656,565
sentence-transformers/all-MiniLM-L6-v2,UMAP,Agglomerative,113,0.4482080194125057,0.9902809354765798,0.442581546435732,0.5337725267664531,0.46417780095197325,0.42852051867057755,565
sentence-transformers/all-MiniLM-L6-v2,UMAP,DC,5,0.6354378939598528,0.8306742185526438,0.5251608074845241,0.5310541937763739,0.6517760452951322,0.5297352419600504,581
sentence-transformers/all-MiniLM-L6-v2,UMAP,DC,26,0.3532429107645728,0.9413598712988446,0.3224603410534281,0.5394060633817643,0.3953204789627871,0.3547923325938407,581
sentence-transformers/all-MiniLM-L6-v2,UMAP,DC,113,0.289781552408043,0.9870567588049938,0.28215810698895705,0.4011626527738266,0.362079144897962,0.3364014220571402,581
sentence-transformers/all-MiniLM-L6-v2,UMAP,HDBSCAN,5,0.5592745394636546,0.6925332056958239,0.333681361445107,0.4402381501185401,0.629328285192818,0.5292822023537636,605
sentence-transformers/all-MiniLM-L6-v2,UMAP,HDBSCAN,26,0.35505809733837007,0.9072899631712603,0.2882703607607718,0.5503508633213126,0.4034007100294307,0.392959034357149,605
sentence-transformers/all-MiniLM-L6-v2,UMAP,HDBSCAN,113,0.3560073643572001,0.982456490234401,0.32337987983325595,0.509783670494437,0.45928462518611834,0.4338520904894478,605
sentence-transformers/all-MiniLM-L6-v2,tSNE,Agglomerative,5,0.34626026875200516,0.4788600374935184,-0.006176876798617431,0.007669043104025578,0.27714627661643193,0.29339964176048555,571
sentence-transformers/all-MiniLM-L6-v2,tSNE,Agglomerative,26,0.0701281827391221,0.884554531796365,0.010967525139159892,0.04220610013335798,0.07706588466070784,0.09855816538725429,571
sentence-transformers/all-MiniLM-L6-v2,tSNE,Agglomerative,113,0.017001810604908598,0.9776235491204978,0.005888886256689877,0.012131417131087155,0.02820433996411128,0.04648023033839912,571
sentence-transformers/all-MiniLM-L6-v2,tSNE,DC,5,0.2662159000196849,0.6134777232659248,0.007351230680733149,0.030185031190212194,0.2735716209648807,0.30234610277316726,589
sentence-transformers/all-MiniLM-L6-v2,tSNE,DC,26,0.06215636924772985,0.911989948546129,0.016037939296753248,0.051188345308597304,0.07581371789476053,0.09973388150754427,589
sentence-transformers/all-MiniLM-L6-v2,tSNE,DC,113,0.019877559656982874,0.9829351308949251,0.011267321566281381,0.021487512286682584,0.027473712154941352,0.04879461962499674,589
sentence-transformers/all-MiniLM-L6-v2,tSNE,HDBSCAN,5,0.43103131240449494,0.3140547511733344,-0.009628685722429583,0.0157386259837347,0.2663478759846904,0.2939493914938315,611
sentence-transformers/all-MiniLM-L6-v2,tSNE,HDBSCAN,26,0.18727557028861155,0.25022270086288273,0.0009600689585098116,0.011978323699953705,0.06981292811417444,0.09700437518563279,611
sentence-transformers/all-MiniLM-L6-v2,tSNE,HDBSCAN,113,0.0410742821119255,0.8203302620557616,0.001285429118687042,0.011872258490396949,0.02486592342473564,0.039038718917992626,611
